tgt_acc,src_acc,Gen_type,NSD,arch,ft,size
0.8340798045602605,0.8340798045602605,A,0.0,do,lora,large
0.8891490228013029,0.8891490228013029,A,0.0,eo,adapter,large
0.8850773615635179,0.8850773615635179,A,0.0,do,adapter,large
0.9048249185667753,0.9048249185667753,A,0.0,ed,lora,large
0.88314332247557,0.88314332247557,A,0.0,eo,adapter,base
0.851078990228013,0.851078990228013,A,0.0,do,adapter,base
0.8562703583061889,0.8562703583061889,A,0.0,eo,lora,large
0.9085912052117264,0.9085912052117264,A,0.0,eo,lora,large
0.8865024429967426,0.8865024429967426,A,0.0,ed,adapter,base
0.9057410423452769,0.9057410423452769,A,0.0,eo,plain,base
0.8982084690553745,0.8982084690553745,A,0.0,do,plain,large
0.8716408794788274,0.8716408794788274,A,0.0,eo,lora,base
0.8499592833876222,0.8499592833876222,A,0.0,eo,adapter,base
0.9169381107491856,0.9169381107491856,A,0.0,eo,adapter,large
0.9178542345276873,0.9178542345276873,A,0.0,ed,adapter,large
0.8947475570032574,0.8947475570032574,A,0.0,do,plain,base
0.9074714983713354,0.9074714983713354,A,0.0,eo,lora,large
0.9213151465798045,0.9213151465798045,A,0.0,ed,plain,large
0.9139861563517915,0.9139861563517915,A,0.0,eo,plain,base
0.8175895765472313,0.8175895765472313,A,0.0,do,lora,base
0.8645154723127035,0.8645154723127035,A,0.0,eo,lora,large
0.9067589576547231,0.9067589576547231,A,0.0,do,plain,large
0.9069625407166124,0.9069625407166124,A,0.0,eo,plain,base
0.8580008143322475,0.8580008143322475,A,0.0,ed,lora,base
0.8159609120521173,0.8159609120521173,A,0.0,eo,lora,base
0.9174470684039088,0.9174470684039088,A,0.0,eo,adapter,large
0.8968851791530945,0.8968851791530945,A,0.0,ed,plain,base
0.9259975570032574,0.9259975570032574,A,0.0,eo,plain,large
0.852707654723127,0.852707654723127,A,0.0,eo,adapter,base
0.9115431596091205,0.9115431596091205,A,0.0,eo,plain,large
0.8969869706840391,0.8969869706840391,A,0.0,do,plain,base
0.8633957654723127,0.8633957654723127,A,0.0,do,lora,large
0.8844666123778502,0.8844666123778502,A,0.0,do,adapter,large
0.9048249185667753,0.9048249185667753,A,0.0,ed,lora,large
0.9041123778501629,0.9041123778501629,A,0.0,eo,plain,base
0.8862988599348535,0.8862988599348535,A,0.0,ed,adapter,base
0.9210097719869706,0.9210097719869706,A,0.0,ed,plain,large
0.7947882736156352,0.7947882736156352,A,0.0,do,lora,base
0.9146986970684039,0.9146986970684039,A,0.0,eo,plain,base
0.8458876221498371,0.8458876221498371,A,0.0,do,adapter,base
0.8642100977198697,0.8642100977198697,A,0.0,eo,lora,large
0.8585097719869706,0.8585097719869706,A,0.0,ed,lora,base
0.8099552117263844,0.8099552117263844,A,0.0,eo,lora,base
0.9182614006514658,0.9182614006514658,A,0.0,ed,adapter,large
0.8968851791530945,0.8968851791530945,A,0.0,ed,plain,base
0.9106270358306189,0.9106270358306189,A,0.0,eo,plain,large
0.8714372964169381,0.8714372964169381,A,0.0,eo,lora,base
0.8514861563517915,0.8514861563517915,A,0.0,eo,adapter,base
0.926099348534202,0.926099348534202,A,0.0,eo,plain,large
0.8895561889250815,0.8895561889250815,A,0.0,eo,adapter,large
0.8840594462540716,0.8840594462540716,A,0.0,eo,adapter,base
0.8895561889250815,0.8895561889250815,A,0.0,do,adapter,large
0.8097516286644951,0.8097516286644951,A,0.0,do,lora,large
0.8856881107491856,0.8856881107491856,A,0.0,eo,adapter,large
0.8817182410423453,0.8817182410423453,A,0.0,eo,adapter,base
0.905435667752443,0.905435667752443,A,0.0,ed,lora,large
0.9057410423452769,0.9057410423452769,A,0.0,do,plain,large
0.7307614006514658,0.7307614006514658,A,0.0,do,lora,base
0.9144951140065146,0.9144951140065146,A,0.0,eo,plain,base
0.7857288273615635,0.7857288273615635,A,0.0,do,adapter,base
0.9075732899022801,0.9075732899022801,A,0.0,eo,lora,large
0.8860952768729642,0.8860952768729642,A,0.0,ed,adapter,base
0.9195846905537459,0.9195846905537459,A,0.0,ed,plain,large
0.8967833876221498,0.8967833876221498,A,0.0,do,plain,base
0.9258957654723127,0.9258957654723127,A,0.0,eo,plain,large
0.9098127035830619,0.9098127035830619,A,0.0,eo,plain,large
0.870928338762215,0.870928338762215,A,0.0,eo,lora,base
0.8582043973941368,0.8582043973941368,A,0.0,ed,lora,base
0.8137214983713354,0.8137214983713354,A,0.0,eo,lora,base
0.9181596091205212,0.9181596091205212,A,0.0,ed,adapter,large
0.8980048859934854,0.8980048859934854,A,0.0,ed,plain,base
0.9166327361563518,0.9166327361563518,A,0.0,eo,adapter,large
0.5683482506102523,0.8458876221498371,OOD,-0.32810430637844545,do,adapter,base
0.7339300244100895,0.9041123778501629,OOD,-0.18823141636965557,eo,plain,base
0.8712367778681855,0.9213151465798045,OOD,-0.05435530816737872,ed,plain,large
0.7588486574450773,0.9106270358306189,OOD,-0.16667457961765705,eo,plain,large
0.6799227013832384,0.852707654723127,OOD,-0.20263093966945994,eo,adapter,base
0.8072620016273393,0.8968851791530945,OOD,-0.09992714743082728,ed,plain,base
0.6733116354759967,0.8633957654723127,OOD,-0.220158747121411,do,lora,large
0.7507119609438568,0.8714372964169381,OOD,-0.13853588315471912,eo,lora,base
0.8717453213995118,0.9048249185667753,OOD,-0.03655911380033711,ed,lora,large
0.8538445890968267,0.9182614006514658,OOD,-0.07015084322278842,ed,adapter,large
0.8340113913751017,0.9174470684039088,OOD,-0.09094331422733834,eo,adapter,large
0.6107607811228641,0.8159609120521173,OOD,-0.2514827951907414,eo,lora,base
0.6873474369406021,0.8642100977198697,OOD,-0.2046523886331596,eo,lora,large
0.8017697314890154,0.8862988599348535,OOD,-0.09537316617111667,ed,adapter,base
0.5844182262001627,0.8175895765472313,OOD,-0.28519364365159383,do,lora,base
0.8589300244100895,0.9181596091205212,OOD,-0.0645090288464835,ed,adapter,large
0.8780512611879577,0.9048249185667753,OOD,-0.029589876261615872,ed,lora,large
0.7016883645240033,0.8895561889250815,OOD,-0.21119275739972446,do,adapter,large
0.8297396257119609,0.9169381107491856,OOD,-0.09509745970311896,eo,adapter,large
0.8032953620829943,0.8860952768729642,OOD,-0.09344357988474022,ed,adapter,base
0.7232506102522376,0.8891490228013029,OOD,-0.1865811110340032,eo,adapter,large
0.5564483319772172,0.7857288273615635,OOD,-0.2918061389630545,do,adapter,base
0.8049227013832384,0.8580008143322475,OOD,-0.06186254379061164,ed,lora,base
0.7556956875508544,0.88314332247557,OOD,-0.144311383759844,eo,adapter,base
0.8421480878763222,0.9259975570032574,OOD,-0.0905504215349028,eo,plain,large
0.733319772172498,0.8967833876221498,OOD,-0.18227770240378882,do,plain,base
0.8180431244914564,0.9075732899022801,OOD,-0.0986478628304096,eo,lora,large
0.7652563059397884,0.9098127035830619,OOD,-0.15888588615434307,eo,plain,large
0.674633848657445,0.8340798045602605,OOD,-0.19116390905409564,do,lora,large
0.7494914564686738,0.870928338762215,OOD,-0.13943383960399122,eo,lora,base
0.7987184703010578,0.9139861563517915,OOD,-0.1261153522399385,eo,plain,base
0.681346623270952,0.8499592833876222,OOD,-0.1983773380821758,eo,adapter,base
0.7773596419853539,0.9057410423452769,OOD,-0.14174183829353598,do,plain,large
0.825366151342555,0.9166327361563518,OOD,-0.0995672325608817,eo,adapter,large
0.690500406834825,0.8850773615635179,OOD,-0.21984174850542595,do,adapter,large
0.6102522375915378,0.8137214983713354,OOD,-0.2500477880786505,eo,lora,base
0.8526240846216436,0.9178542345276873,OOD,-0.07106809278884034,ed,adapter,large
0.5278681855166802,0.7307614006514658,OOD,-0.2776463219785671,do,lora,base
0.7432872253864931,0.8856881107491856,OOD,-0.160779944581438,eo,adapter,large
0.8052278275020341,0.8865024429967426,OOD,-0.09168008067746196,ed,adapter,base
0.701586655817738,0.8562703583061889,OOD,-0.18064820414247995,eo,lora,large
0.735353946297803,0.9057410423452769,OOD,-0.1881189965801734,eo,plain,base
0.8667615947925142,0.9195846905537459,OOD,-0.05744233924710427,ed,plain,large
0.8435720097640358,0.926099348534202,OOD,-0.08911283535701389,eo,plain,large
0.7158258746948739,0.8947475570032574,OOD,-0.19996889726934688,do,plain,base
0.8197721724979659,0.9085912052117264,OOD,-0.09775466921129104,eo,lora,large
0.6002847843775427,0.851078990228013,OOD,-0.29467794262349245,do,adapter,base
0.8106183889340928,0.8585097719869706,OOD,-0.05578431907890352,ed,lora,base
0.7635272579332791,0.8817182410423453,OOD,-0.13404620388633873,eo,adapter,base
0.6008950366151342,0.8097516286644951,OOD,-0.25792673290922963,do,lora,large
0.8087876322213181,0.8980048859934854,OOD,-0.09935052154361497,ed,plain,base
0.7473555736371034,0.8716408794788274,OOD,-0.14258774314949163,eo,lora,base
0.8010577705451587,0.9146986970684039,OOD,-0.12423864479906085,eo,plain,base
0.7691212367778681,0.8982084690553745,OOD,-0.14371633838329817,do,plain,large
0.8439788445890968,0.9258957654723127,OOD,-0.08847315641564567,eo,plain,large
0.8160089503661514,0.9074714983713354,OOD,-0.10078834229982368,eo,lora,large
0.737286411716843,0.8969869706840391,OOD,-0.1780411134014679,do,plain,base
0.738506916192026,0.9069625407166124,OOD,-0.1857360331458515,eo,plain,base
0.86706672091131,0.9210097719869706,OOD,-0.05856946659673855,ed,plain,large
0.758746948738812,0.8840594462540716,OOD,-0.14174668688427297,eo,adapter,base
0.8101098454027664,0.8582043973941368,OOD,-0.056040906032881324,ed,lora,base
0.7973962571196095,0.9144951140065146,OOD,-0.12804754786920705,eo,plain,base
0.6797192839707079,0.8514861563517915,OOD,-0.20172597181969695,eo,adapter,base
0.7739015459723352,0.9067589576547231,OOD,-0.14651899555094064,do,plain,large
0.8109235150528885,0.8968851791530945,OOD,-0.09584467008516896,ed,plain,base
0.7609845402766476,0.9115431596091205,OOD,-0.16516894207953245,eo,plain,large
0.6832790886899919,0.8844666123778502,OOD,-0.22746762949816088,do,adapter,large
0.6132017900732303,0.8099552117263844,OOD,-0.24291889082827522,eo,lora,base
0.8761187957689178,0.905435667752443,OOD,-0.032378746527954055,ed,lora,large
0.7299633848657445,0.8895561889250815,OOD,-0.17940722131581716,eo,adapter,large
0.5589910496338486,0.7947882736156352,OOD,-0.29667929410823146,do,lora,base
0.685720097640358,0.8645154723127035,OOD,-0.2068157024350786,eo,lora,large
0.7255,0.8585097719869706,ROB,-0.154930993597344,ed,lora,base
0.685,0.8097516286644951,ROB,-0.15406159648020107,do,lora,large
0.758,0.9057410423452769,ROB,-0.16311620588896378,do,plain,large
0.8095,0.9213151465798045,ROB,-0.1213647110816484,ed,plain,large
0.7275,0.8817182410423453,ROB,-0.17490648810898174,eo,adapter,base
0.792,0.9169381107491856,ROB,-0.13625577264653635,eo,adapter,large
0.7415,0.8967833876221498,ROB,-0.17315595913734386,do,plain,base
0.756,0.8968851791530945,ROB,-0.15708273748723192,ed,plain,base
0.802,0.9181596091205212,ROB,-0.12651352549889133,ed,adapter,large
0.7175,0.870928338762215,ROB,-0.17616643291257594,eo,lora,base
0.758,0.9041123778501629,ROB,-0.1616086467011934,eo,plain,base
0.7315,0.8856881107491856,ROB,-0.17408849557522116,eo,adapter,large
0.6005,0.7307614006514658,ROB,-0.17825435297395173,do,lora,base
0.6835,0.8458876221498371,ROB,-0.1919730445246691,do,adapter,base
0.7885,0.9075732899022801,ROB,-0.1311996410946613,eo,lora,large
0.7455,0.8860952768729642,ROB,-0.1586683515221137,ed,adapter,base
0.6835,0.8514861563517915,ROB,-0.1972858338314405,eo,adapter,base
0.771,0.9106270358306189,ROB,-0.15333065057008716,eo,plain,large
0.8075,0.9182614006514658,ROB,-0.12062077375013855,ed,adapter,large
0.717,0.8714372964169381,ROB,-0.177221352645719,eo,lora,base
0.731,0.8895561889250815,ROB,-0.17824190410802157,eo,adapter,large
0.7935,0.905435667752443,ROB,-0.12362630691399665,ed,lora,large
0.64,0.7947882736156352,ROB,-0.19475409836065574,do,lora,base
0.6335,0.7857288273615635,ROB,-0.19374219458479078,do,adapter,base
0.8155,0.9259975570032574,ROB,-0.11932813015279765,eo,plain,large
0.751,0.8862988599348535,ROB,-0.15265602388882513,ed,adapter,base
0.695,0.8642100977198697,ROB,-0.19579740871613666,eo,lora,large
0.7775,0.9098127035830619,ROB,-0.14542850749608416,eo,plain,large
0.7785,0.9139861563517915,ROB,-0.14823655195456062,eo,plain,base
0.729,0.8582043973941368,ROB,-0.1505520104376705,ed,lora,base
0.734,0.8895561889250815,ROB,-0.17486943586222686,do,adapter,large
0.7315,0.8840594462540716,ROB,-0.17256695451928605,eo,adapter,base
0.6425,0.8159609120521173,ROB,-0.21258483033932143,eo,lora,base
0.8015,0.9174470684039088,ROB,-0.1263801176078997,eo,adapter,large
0.6555,0.8175895765472313,ROB,-0.19825298804780883,do,lora,base
0.685,0.851078990228013,ROB,-0.1951393373998325,do,adapter,base
0.8125,0.926099348534202,ROB,-0.1226643218289734,eo,plain,large
0.763,0.9057410423452769,ROB,-0.15759586423915484,eo,plain,base
0.795,0.9048249185667753,ROB,-0.12137698278771514,ed,lora,large
0.6865,0.8499592833876222,ROB,-0.192314251497006,eo,adapter,base
0.781,0.9146986970684039,ROB,-0.14616692632984638,eo,plain,base
0.6975,0.8645154723127035,ROB,-0.19318968562345457,eo,lora,large
0.785,0.9074714983713354,ROB,-0.13495905776780698,eo,lora,large
0.776,0.9067589576547231,ROB,-0.14420475976650202,do,plain,large
0.7125,0.8633957654723127,ROB,-0.17477010139118127,do,lora,large
0.808,0.9195846905537459,ROB,-0.12134248394952396,ed,plain,large
0.7295,0.8850773615635179,ROB,-0.1757782633697527,do,adapter,large
0.7485,0.8969869706840391,ROB,-0.16553971856559233,do,plain,base
0.76,0.8980048859934854,ROB,-0.15367943776921336,ed,plain,base
0.645,0.8099552117263844,ROB,-0.2036596707301747,eo,lora,base
0.762,0.8982084690553745,ROB,-0.1516446056210335,do,plain,large
0.688,0.8340798045602605,ROB,-0.17513888210886017,do,lora,large
0.812,0.9210097719869706,ROB,-0.11835897435897426,ed,plain,large
0.729,0.8580008143322475,ROB,-0.15035045675643607,ed,lora,base
0.737,0.8844666123778502,ROB,-0.16672942801242954,do,adapter,large
0.6375,0.8137214983713354,ROB,-0.21656242181636226,eo,lora,base
0.804,0.9166327361563518,ROB,-0.12287662409772342,eo,adapter,large
0.745,0.8947475570032574,ROB,-0.1673629124004551,do,plain,base
0.76,0.8968851791530945,ROB,-0.15262285779139714,ed,plain,base
0.728,0.88314332247557,ROB,-0.1756717381281697,eo,adapter,base
0.812,0.9258957654723127,ROB,-0.12301143359718548,eo,plain,large
0.792,0.9048249185667753,ROB,-0.1246925413432332,ed,lora,large
0.8005,0.9178542345276873,ROB,-0.12785715870023293,ed,adapter,large
0.7615,0.9069625407166124,ROB,-0.16038428731762075,eo,plain,base
0.7205,0.8716408794788274,ROB,-0.1733981081396707,eo,lora,base
0.736,0.8891490228013029,ROB,-0.17224224384659417,eo,adapter,large
0.778,0.9144951140065146,ROB,-0.14925734639358854,eo,plain,base
0.685,0.852707654723127,ROB,-0.19667661453981133,eo,adapter,base
0.774,0.9115431596091205,ROB,-0.15089045226130646,eo,plain,large
0.687,0.8562703583061889,ROB,-0.19768330955777452,eo,lora,large
0.789,0.9085912052117264,ROB,-0.13162267533049518,eo,lora,large
0.748,0.8865024429967426,ROB,-0.15623469973590534,ed,adapter,base
0.5473515248796148,0.7857288273615635,Comp,-0.30338367917899517,do,adapter,base
0.5280898876404494,0.852707654723127,Comp,-0.3806905746472753,eo,adapter,base
0.6388443017656501,0.8968851791530945,Comp,-0.287707817438912,ed,plain,base
0.6597110754414125,0.9181596091205212,Comp,-0.2814854096301068,ed,adapter,large
0.6131621187800963,0.9146986970684039,Comp,-0.3296567265862824,eo,plain,base
0.6067415730337079,0.9098127035830619,Comp,-0.3331137599593705,eo,plain,large
0.4943820224719101,0.7947882736156352,Comp,-0.37797016025050656,do,lora,base
0.6693418940609952,0.9213151465798045,Comp,-0.27349300991545494,ed,plain,large
0.6115569823434992,0.9166327361563518,Comp,-0.33282223269932965,eo,adapter,large
0.6548956661316212,0.926099348534202,Comp,-0.29284512815156666,eo,plain,large
0.5040128410914928,0.8137214983713354,Comp,-0.38060768690482544,eo,lora,base
0.651685393258427,0.8860952768729642,Comp,-0.2645425268959464,ed,adapter,base
0.6565008025682183,0.8585097719869706,Comp,-0.23530188707254246,ed,lora,base
0.5248796147672552,0.870928338762215,Comp,-0.39733317724713474,eo,lora,base
0.5457463884430177,0.8840594462540716,Comp,-0.38268134484004535,eo,adapter,base
0.622792937399679,0.9057410423452769,Comp,-0.3123940416931393,do,plain,large
0.5409309791332263,0.8895561889250815,Comp,-0.3919091499021839,do,adapter,large
0.5955056179775281,0.9075732899022801,Comp,-0.34384845322888785,eo,lora,large
0.5585874799357945,0.8895561889250815,Comp,-0.3720604871393472,eo,adapter,large
0.5778491171749599,0.8967833876221498,Comp,-0.3556424827324851,do,plain,base
0.5313001605136437,0.8714372964169381,Comp,-0.3903173955278547,eo,lora,base
0.5569823434991974,0.8817182410423453,Comp,-0.3682989445236533,eo,adapter,base
0.6420545746388443,0.8582043973941368,Comp,-0.2518628702108876,ed,lora,base
0.5826645264847512,0.8856881107491856,Comp,-0.34213351244843165,eo,adapter,large
0.5730337078651685,0.8097516286644951,Comp,-0.29233398540950156,do,lora,large
0.6709470304975923,0.905435667752443,Comp,-0.2589787939732044,ed,lora,large
0.44141252006420545,0.8458876221498371,Comp,-0.4781664744752402,do,adapter,base
0.6581059390048154,0.9182614006514658,Comp,-0.28331307562539554,ed,adapter,large
0.608346709470305,0.9144951140065146,Comp,-0.3347731440520618,eo,plain,base
0.5120385232744783,0.8499592833876222,Comp,-0.39757287992233836,eo,adapter,base
0.5858747993579454,0.9041123778501629,Comp,-0.3519889631960757,eo,plain,base
0.622792937399679,0.9106270358306189,Comp,-0.3160834096786892,eo,plain,large
0.651685393258427,0.9258957654723127,Comp,-0.2961568487938888,eo,plain,large
0.637239165329053,0.8862988599348535,Comp,-0.28101096127338737,ed,adapter,base
0.47191011235955055,0.8099552117263844,Comp,-0.41736270657028723,eo,lora,base
0.4478330658105939,0.7307614006514658,Comp,-0.3871692382611402,do,lora,base
0.5232744783306581,0.8642100977198697,Comp,-0.3945054799622632,eo,lora,large
0.6067415730337079,0.9067589576547231,Comp,-0.33086784761078286,do,plain,large
0.5634028892455859,0.8844666123778502,Comp,-0.36300264887229416,do,adapter,large
0.5425361155698234,0.88314332247557,Comp,-0.38567602589235306,eo,adapter,base
0.6019261637239165,0.8340798045602605,Comp,-0.2783350460796002,do,lora,large
0.5762439807383628,0.8969869706840391,Comp,-0.3575782039521475,do,plain,base
0.5601926163723917,0.8891490228013029,Comp,-0.3699676859482111,eo,adapter,large
0.5842696629213483,0.9074714983713354,Comp,-0.3561564589411861,eo,lora,large
0.6581059390048154,0.8980048859934854,Comp,-0.26714659433424326,ed,plain,base
0.593900481540931,0.9069625407166124,Comp,-0.34517639386553245,eo,plain,base
0.6581059390048154,0.9048249185667753,Comp,-0.27267040783178015,ed,lora,large
0.6709470304975923,0.9195846905537459,Comp,-0.2703803821553745,ed,plain,large
0.6147672552166934,0.9174470684039088,Comp,-0.3299152873350942,eo,adapter,large
0.4959871589085072,0.8159609120521173,Comp,-0.39214348189656006,eo,lora,base
0.5441412520064205,0.8645154723127035,Comp,-0.3705824020121188,eo,lora,large
0.6035313001605136,0.9115431596091205,Comp,-0.3379015641790189,eo,plain,large
0.5264847512038523,0.8514861563517915,Comp,-0.3816872449699169,eo,adapter,base
0.579454253611557,0.9057410423452769,Comp,-0.3602429099258332,eo,plain,base
0.6581059390048154,0.8968851791530945,Comp,-0.26623167123104,ed,plain,base
0.6613162118780096,0.9178542345276873,Comp,-0.2794975639913978,ed,adapter,large
0.6035313001605136,0.9139861563517915,Comp,-0.339671289366646,eo,plain,base
0.48635634028892455,0.851078990228013,Comp,-0.4285414798471003,do,adapter,base
0.6613162118780096,0.9048249185667753,Comp,-0.2691224586016913,ed,lora,large
0.478330658105939,0.8175895765472313,Comp,-0.41495015124094314,do,lora,base
0.5601926163723917,0.8562703583061889,Comp,-0.3457760029431317,eo,lora,large
0.6757624398073836,0.9210097719869706,Comp,-0.2662809230031237,ed,plain,large
0.6163723916532905,0.9169381107491856,Comp,-0.3277928091028057,eo,adapter,large
0.6597110754414125,0.9259975570032574,Comp,-0.28756715344218575,eo,plain,large
0.6308186195826645,0.8865024429967426,Comp,-0.2884186337375019,ed,adapter,base
0.5906902086677368,0.8982084690553745,Comp,-0.34236847122032565,do,plain,large
0.5585874799357945,0.8850773615635179,Comp,-0.36888287488335303,do,adapter,large
0.6565008025682183,0.8580008143322475,Comp,-0.23484827566375882,ed,lora,base
0.5104333868378812,0.8716408794788274,Comp,-0.41439944034855253,eo,lora,base
0.5264847512038523,0.8633957654723127,Comp,-0.3902161995016924,do,lora,large
0.5698234349919743,0.8947475570032574,Comp,-0.3631461404594818,do,plain,base
0.5746388443017657,0.9085912052117264,Comp,-0.3675496295742162,eo,lora,large
0.6571574121242996,0.8850773615635179,OOD,-0.2575141556401243,do,adapter,large
0.8135506877228732,0.8980048859934854,OOD,-0.0940464796883353,ed,plain,base
0.8069281711665818,0.8582043973941368,OOD,-0.05974826787563758,ed,lora,base
0.51777890983189,0.7307614006514658,OOD,-0.29145284716694697,do,lora,base
0.8716250636780438,0.9195846905537459,OOD,-0.052153572551128784,ed,plain,large
0.8349465104431992,0.9169381107491856,OOD,-0.08941890335324272,eo,adapter,large
0.7199184921039226,0.8969869706840391,OOD,-0.1974036238732484,do,plain,base
0.7192052980132451,0.8891490228013029,OOD,-0.1911307558463515,eo,adapter,large
0.736220071319409,0.9057410423452769,OOD,-0.18716273537403075,eo,plain,base
0.876413652572593,0.905435667752443,OOD,-0.032053094674181756,ed,lora,large
0.8020376974019359,0.8860952768729642,OOD,-0.09486291335133627,ed,adapter,base
0.803871625063678,0.9144951140065146,OOD,-0.12096673590543484,eo,plain,base
0.7365257259296994,0.870928338762215,OOD,-0.15432109262115856,eo,lora,base
0.5909322465613857,0.851078990228013,OOD,-0.3056669788040841,do,adapter,base
0.7575140091696383,0.8817182410423453,OOD,-0.14086612490388753,eo,adapter,base
0.7552725420275089,0.9067589576547231,OOD,-0.1670635998116022,do,plain,large
0.5843097300050942,0.8097516286644951,OOD,-0.27840870049402316,do,lora,large
0.8628629648497198,0.9181596091205212,OOD,-0.060225524757910515,ed,adapter,large
0.8187468160978095,0.9075732899022801,OOD,-0.09787250770021527,eo,lora,large
0.850127356087621,0.9258957654723127,OOD,-0.08183254769076635,eo,plain,large
0.7402954661232807,0.9069625407166124,OOD,-0.18376401131368025,eo,plain,base
0.7023942944472745,0.8947475570032574,OOD,-0.21498048365756262,do,plain,base
0.8033622007131941,0.9146986970684039,OOD,-0.12171931228506357,eo,plain,base
0.7355068772287315,0.8714372964169381,OOD,-0.1559841651798787,eo,lora,base
0.683239938869078,0.8642100977198697,OOD,-0.2094052815724591,eo,lora,large
0.7647478349465104,0.8840594462540716,OOD,-0.13495881053373415,eo,adapter,base
0.7993886907794192,0.8862988599348535,OOD,-0.09805966484242404,ed,adapter,base
0.7506877228731533,0.8982084690553745,OOD,-0.16423887244947205,do,plain,large
0.8497198166072338,0.926099348534202,OOD,-0.08247444731265495,eo,plain,large
0.7660723382577688,0.9115431596091205,OOD,-0.15958742031889214,eo,plain,large
0.8626591951095263,0.9182614006514658,OOD,-0.0605516092721443,ed,adapter,large
0.6558329088130412,0.8844666123778502,OOD,-0.25849896464733374,do,adapter,large
0.810188487009679,0.8585097719869706,OOD,-0.056285072755147346,ed,lora,base
0.8154865002547121,0.8968851791530945,OOD,-0.09075707882166704,ed,plain,base
0.541110545084055,0.7947882736156352,OOD,-0.31917648630817674,do,lora,base
0.6499235863474274,0.8514861563517915,OOD,-0.23671855202903438,eo,adapter,base
0.8429954151808456,0.9174470684039088,OOD,-0.08115089773253881,eo,adapter,large
0.5925624044829343,0.8159609120521173,OOD,-0.2737857957035496,eo,lora,base
0.8728476821192053,0.9210097719869706,OOD,-0.052292702349793004,ed,plain,large
0.6770249617931737,0.8645154723127035,OOD,-0.216873516465779,eo,lora,large
0.7993886907794192,0.9139861563517915,OOD,-0.12538205833422267,eo,plain,base
0.5628120224146714,0.8458876221498371,OOD,-0.3346491807218132,do,adapter,base
0.8747834946510443,0.9048249185667753,OOD,-0.03320136669458216,ed,lora,large
0.7296994396332145,0.9041123778501629,OOD,-0.19291068509832254,eo,plain,base
0.7253183902190524,0.8895561889250815,OOD,-0.18462892029843567,eo,adapter,large
0.7158430973000509,0.8967833876221498,OOD,-0.2017658810583768,do,plain,base
0.8503311258278146,0.9259975570032574,OOD,-0.08171342419122239,eo,plain,large
0.764951604686704,0.9106270358306189,OOD,-0.15997266214596692,eo,plain,large
0.8124299541518084,0.9074714983713354,OOD,-0.10473226364695835,eo,lora,large
0.7599592460519613,0.9057410423452769,OOD,-0.16095306437239065,do,plain,large
0.6654100866021396,0.8633957654723127,OOD,-0.22931045852635937,do,lora,large
0.8002037697401936,0.8580008143322475,OOD,-0.06736245890050277,ed,lora,base
0.8132450331125828,0.8968851791530945,OOD,-0.09325624727068292,ed,plain,base
0.5970453387671931,0.8099552117263844,OOD,-0.26286622998002956,eo,lora,base
0.8733571064696892,0.9213151465798045,OOD,-0.0520538930551069,ed,plain,large
0.5536423841059602,0.8175895765472313,OOD,-0.3228358090815546,do,lora,base
0.651553744268976,0.852707654723127,OOD,-0.23590020488260466,eo,adapter,base
0.6835455934793683,0.8895561889250815,OOD,-0.2315880638126429,do,adapter,large
0.8353540499235863,0.9166327361563518,OOD,-0.08867093987236957,eo,adapter,large
0.5855323484462557,0.8137214983713354,OOD,-0.2804265960550393,eo,lora,base
0.65206316861946,0.8499592833876222,OOD,-0.23283011155478145,eo,adapter,base
0.8747834946510443,0.9048249185667753,OOD,-0.03320136669458216,ed,lora,large
0.8027508914926134,0.8865024429967426,OOD,-0.09447413503003399,ed,adapter,base
0.735812531839022,0.8716408794788274,OOD,-0.15583063029469213,eo,lora,base
0.6880285277636271,0.8562703583061889,OOD,-0.1964821378090974,eo,lora,large
0.5478349465104432,0.7857288273615635,OOD,-0.3027684266720308,do,adapter,base
0.7511971472236373,0.88314332247557,OOD,-0.14940516662920555,eo,adapter,base
0.7380539989811513,0.8856881107491856,OOD,-0.16668860062167212,eo,adapter,large
0.8209882832399389,0.9085912052117264,OOD,-0.09641621167945785,eo,lora,large
0.8599083036169128,0.9178542345276873,OOD,-0.06313195356187741,ed,adapter,large
0.7669893020886398,0.9098127035830619,OOD,-0.1569811027390023,eo,plain,large
0.6546102903718798,0.8340798045602605,OOD,-0.21517067456512723,do,lora,large
0.5681333333333334,0.8633957654723127,ROB,-0.3419780869291833,do,lora,large
0.6504666666666666,0.8982084690553745,ROB,-0.2758177092777274,do,plain,large
0.5814333333333334,0.8580008143322475,ROB,-0.32233941550994577,ed,lora,base
0.5814,0.9106270358306189,ROB,-0.3615388329979879,eo,plain,large
0.5,0.8514861563517915,ROB,-0.41279139270771065,eo,adapter,base
0.7068666666666666,0.9213151465798045,ROB,-0.23276343682097742,ed,plain,large
0.5677666666666666,0.9041123778501629,ROB,-0.3720175936350672,eo,plain,base
0.5768333333333333,0.8947475570032574,ROB,-0.35531164201744414,do,plain,base
0.5197,0.8458876221498371,ROB,-0.3856157882069795,do,adapter,base
0.5000333333333333,0.8645154723127035,ROB,-0.4216027944581812,eo,lora,large
0.633,0.8968851791530945,ROB,-0.29422403813415055,ed,plain,base
0.6466,0.9048249185667753,ROB,-0.2853866126673417,ed,lora,large
0.6976666666666667,0.9166327361563518,ROB,-0.23888091800851377,eo,adapter,large
0.49996666666666667,0.8137214983713354,ROB,-0.3855801184221499,eo,lora,base
0.5106666666666667,0.8175895765472313,ROB,-0.3753997343957503,do,lora,base
0.6835,0.9144951140065146,ROB,-0.2525930543187889,eo,plain,base
0.5011666666666666,0.8714372964169381,ROB,-0.42489646848109647,eo,lora,base
0.4999,0.8891490228013029,ROB,-0.43777703491700054,eo,adapter,large
0.7246,0.9258957654723127,ROB,-0.21740650835532097,eo,plain,large
0.6439,0.9075732899022801,ROB,-0.2905256168685509,eo,lora,large
0.6481,0.9048249185667753,ROB,-0.28372883338958266,ed,lora,large
0.5,0.8099552117263844,ROB,-0.3826819152947091,eo,lora,base
0.6580666666666667,0.9146986970684039,ROB,-0.2805645522664886,eo,plain,base
0.5004333333333333,0.870928338762215,ROB,-0.4254023998753312,eo,lora,base
0.7119333333333333,0.8895561889250815,ROB,-0.19967581340351687,do,adapter,large
0.7502666666666666,0.926099348534202,ROB,-0.1898637356195501,eo,plain,large
0.6586333333333333,0.9067589576547231,ROB,-0.2736401137554259,do,plain,large
0.6211,0.8340798045602605,ROB,-0.2553470344154259,do,lora,large
0.6821,0.9178542345276873,ROB,-0.2568536763890429,ed,adapter,large
0.5666333333333333,0.9098127035830619,ROB,-0.3771978220332662,eo,plain,large
0.5482666666666667,0.8969869706840391,ROB,-0.3887685277651687,do,plain,base
0.5039333333333333,0.8562703583061889,ROB,-0.4114787129497543,eo,lora,large
0.5046666666666667,0.88314332247557,ROB,-0.42855632395881355,eo,adapter,base
0.4849333333333333,0.7857288273615635,ROB,-0.38282354363691323,do,adapter,base
0.6012333333333333,0.8865024429967426,ROB,-0.3217916791059058,ed,adapter,base
0.6353,0.9139861563517915,ROB,-0.3049128856220069,eo,plain,base
0.6638333333333334,0.9085912052117264,ROB,-0.26938173127193965,eo,lora,large
0.6451333333333333,0.905435667752443,ROB,-0.28748849166198237,ed,lora,large
0.6721333333333334,0.9174470684039088,ROB,-0.26738734420651644,eo,adapter,large
0.4999,0.8159609120521173,ROB,-0.3873481037924152,eo,lora,base
0.5058666666666667,0.7307614006514658,ROB,-0.30775398616334676,do,lora,base
0.7362666666666666,0.9259975570032574,ROB,-0.20489351068117703,eo,plain,large
0.5008333333333334,0.8895561889250815,ROB,-0.4369851622992715,eo,adapter,large
0.5002,0.8716408794788274,ROB,-0.4261398108139671,eo,lora,base
0.5587666666666666,0.8850773615635179,ROB,-0.36868042169829407,do,adapter,large
0.5,0.8499592833876222,ROB,-0.4117365269461078,eo,adapter,base
0.7190333333333333,0.9195846905537459,ROB,-0.21808905615821714,ed,plain,large
0.6955,0.9181596091205212,ROB,-0.24250643015521064,ed,adapter,large
0.5645666666666667,0.8582043973941368,ROB,-0.3421536077175503,ed,lora,base
0.6138,0.8097516286644951,ROB,-0.24198979258328096,do,lora,large
0.5040333333333333,0.8817182410423453,ROB,-0.4283510197798815,eo,adapter,base
0.6357333333333334,0.8980048859934854,ROB,-0.2920602735585279,ed,plain,base
0.5651333333333334,0.851078990228013,ROB,-0.3359801618626161,do,adapter,base
0.6025666666666667,0.8860952768729642,ROB,-0.3199753092092667,ed,adapter,base
0.5973,0.9057410423452769,ROB,-0.3405399865138233,eo,plain,base
0.6676333333333333,0.9182614006514658,ROB,-0.2729376048479474,ed,adapter,large
0.5949333333333333,0.9115431596091205,ROB,-0.34733388423599476,eo,plain,large
0.5,0.852707654723127,ROB,-0.41363256535752657,eo,adapter,base
0.7215,0.9210097719869706,ROB,-0.21662068965517234,ed,plain,large
0.6640666666666667,0.9057410423452769,ROB,-0.2668250243500412,do,plain,large
0.5696,0.8585097719869706,ROB,-0.3365247332226701,ed,lora,base
0.6022666666666666,0.8862988599348535,ROB,-0.32046999732016396,ed,adapter,base
0.49993333333333334,0.8642100977198697,ROB,-0.421514126423243,eo,lora,large
0.5013333333333333,0.8840594462540716,ROB,-0.43291897908270965,eo,adapter,base
0.6295666666666667,0.8968851791530945,ROB,-0.298052101539742,ed,plain,base
0.5791,0.9069625407166124,ROB,-0.3614951290684625,eo,plain,base
0.6487666666666667,0.8967833876221498,ROB,-0.2765625728339008,do,plain,base
0.6654,0.9169381107491856,ROB,-0.27432397868561276,eo,adapter,large
0.4955,0.7947882736156352,ROB,-0.37656352459016396,do,lora,base
0.6509333333333334,0.9074714983713354,ROB,-0.28269556178724986,eo,lora,large
0.5078666666666667,0.8856881107491856,ROB,-0.4265852047657357,eo,adapter,large
0.5804,0.8844666123778502,ROB,-0.34378529174818734,do,adapter,large
0.8647964878339162,0.9182614006514658,OOD,-0.058224066458220536,ed,adapter,large
0.7999851179403229,0.9139861563517915,OOD,-0.12472950232256012,eo,plain,base
0.7551157080139891,0.8982084690553745,OOD,-0.1593090757559577,do,plain,large
0.8137510231416027,0.9085912052117264,OOD,-0.10438157614350156,eo,lora,large
0.5327777364387232,0.7307614006514658,OOD,-0.27092791715085435,do,lora,base
0.6891137733462311,0.8895561889250815,OOD,-0.2253285605500201,do,adapter,large
0.8403154996651536,0.9174470684039088,OOD,-0.08407195509702992,eo,adapter,large
0.7396383659498474,0.8856881107491856,OOD,-0.16489974634050092,eo,adapter,large
0.547808616712553,0.8159609120521173,OOD,-0.32863375117463567,eo,lora,base
0.7206637398615968,0.8716408794788274,OOD,-0.1732102557047382,eo,lora,base
0.8508817620358657,0.9259975570032574,OOD,-0.08111878308889252,eo,plain,large
0.80050599002902,0.8862988599348535,OOD,-0.09679902997070264,ed,adapter,base
0.7012426519830345,0.8947475570032574,OOD,-0.21626759805673146,do,plain,base
0.6670883250241834,0.8642100977198697,OOD,-0.2280947343889779,eo,lora,large
0.8098816876255673,0.8585097719869706,OOD,-0.05664243547147571,ed,lora,base
0.7665748939653249,0.9098127035830619,OOD,-0.15743659002960936,eo,plain,large
0.7444750353448917,0.8817182410423453,OOD,-0.15565426607847893,eo,adapter,base
0.5405908177691793,0.8097516286644951,OOD,-0.33239922139982186,do,lora,large
0.6459558002827591,0.8514861563517915,OOD,-0.24137838828716965,eo,adapter,base
0.5018974626088251,0.7857288273615635,OOD,-0.3612332332336964,do,adapter,base
0.8095096361336409,0.8582043973941368,OOD,-0.056740284025988796,ed,lora,base
0.7450703177319741,0.8840594462540716,OOD,-0.15721694860116137,eo,adapter,base
0.8125604583674381,0.8968851791530945,OOD,-0.09401952752222097,ed,plain,base
0.7687327926184984,0.9106270358306189,OOD,-0.15582037170980012,eo,plain,large
0.7336855420790237,0.9041123778501629,OOD,-0.18850182781081637,eo,plain,base
0.8811667534786815,0.9213151465798045,OOD,-0.043577263708477844,ed,plain,large
0.5667832428008036,0.8458876221498371,OOD,-0.32995444316785866,do,adapter,base
0.8814643946722226,0.905435667752443,OOD,-0.026474849549194514,ed,lora,large
0.7499813974254037,0.9067589576547231,OOD,-0.17289882708720633,do,plain,large
0.8043753255450554,0.9074714983713354,OOD,-0.1136081662193354,eo,lora,large
0.8706749014063546,0.9181596091205212,OOD,-0.05171726924434284,ed,adapter,large
0.8386784731006771,0.9169381107491856,OOD,-0.08534887658292048,eo,adapter,large
0.7284024108936676,0.8895561889250815,OOD,-0.18116199970026428,eo,adapter,large
0.5132822382617754,0.7947882736156352,OOD,-0.3541899707116186,do,lora,base
0.7233425106034675,0.8969869706840391,OOD,-0.19358637946340615,do,plain,base
0.8028871195773495,0.8860952768729642,OOD,-0.09390430066308085,ed,adapter,base
0.8123372274722822,0.8968851791530945,OOD,-0.09426842325641811,ed,plain,base
0.7592082744251805,0.9115431596091205,OOD,-0.1671175781180376,eo,plain,large
0.8777438797529578,0.9210097719869706,OOD,-0.04697658325673548,ed,plain,large
0.6468487238633827,0.8499592833876222,OOD,-0.23896504631929688,eo,adapter,base
0.6389612322345413,0.8633957654723127,OOD,-0.25994398190613843,do,lora,large
0.7349505171515738,0.9069625407166124,OOD,-0.18965725246946571,eo,plain,base
0.8612992038098073,0.9178542345276873,OOD,-0.06161657111816053,ed,adapter,large
0.7981992707790758,0.9144951140065146,OOD,-0.1271694527901112,eo,plain,base
0.8743210060272342,0.9048249185667753,OOD,-0.03371250273241667,ed,lora,large
0.6990103430314756,0.8562703583061889,OOD,-0.18365696505691675,eo,lora,large
0.7214078428454498,0.8714372964169381,OOD,-0.1721632229746877,eo,lora,base
0.8070540962869261,0.8865024429967426,OOD,-0.08961999748274627,ed,adapter,base
0.8495423766649304,0.9258957654723127,OOD,-0.08246434604702327,eo,plain,large
0.8374134980281271,0.9166327361563518,OOD,-0.08642418604904817,eo,adapter,large
0.5379864573256938,0.8137214983713354,OOD,-0.33885677298378575,eo,lora,base
0.5388793809063175,0.8175895765472313,OOD,-0.34089255004685476,do,lora,base
0.6422352853634943,0.8844666123778502,OOD,-0.27387277668190035,do,adapter,large
0.8034824019644319,0.9146986970684039,OOD,-0.12158790152475196,eo,plain,base
0.7565295036833097,0.9057410423452769,OOD,-0.16473973430154698,do,plain,large
0.8154624600044647,0.9075732899022801,OOD,-0.10149134061419239,eo,lora,large
0.8781903415432696,0.9048249185667753,OOD,-0.029436166574296308,ed,lora,large
0.7277327182082001,0.870928338762215,OOD,-0.16441722490914476,eo,lora,base
0.8485750427859216,0.926099348534202,OOD,-0.08371057151803767,eo,plain,large
0.7148597365875438,0.8967833876221498,OOD,-0.20286242312871397,do,plain,base
0.6661954014435598,0.8645154723127035,OOD,-0.22940025623672058,eo,lora,large
0.6490810328149416,0.8850773615635179,OOD,-0.2666392103077647,do,adapter,large
0.7150085571843143,0.8891490228013029,OOD,-0.19585070798183124,eo,adapter,large
0.5522732346156708,0.8099552117263844,OOD,-0.3181434891461167,eo,lora,base
0.7414986234094799,0.88314332247557,OOD,-0.16038698981388536,eo,adapter,base
0.809807277327182,0.8980048859934854,OOD,-0.09821506546562728,ed,plain,base
0.7994642458516259,0.8580008143322475,OOD,-0.06822437403649623,ed,lora,base
0.5885854602276955,0.851078990228013,OOD,-0.3084244036267335,do,adapter,base
0.878041520946499,0.9195846905537459,OOD,-0.045176012643523764,ed,plain,large
0.6415655926780266,0.8340798045602605,OOD,-0.23081030235917335,do,lora,large
0.7341320038693355,0.9057410423452769,OOD,-0.18946810451648097,eo,plain,base
0.6481136989359327,0.852707654723127,OOD,-0.23993446599658552,eo,adapter,base
0.7348703170028819,0.7857288273615635,ROB,-0.06472781523042986,do,adapter,base
0.8523608955885613,0.9139861563517915,ROB,-0.06742472009555331,eo,plain,base
0.8009864774994458,0.8514861563517915,ROB,-0.059307692175187506,eo,adapter,base
0.8573487031700289,0.9259975570032574,ROB,-0.07413502693829138,eo,plain,large
0.8473176679228552,0.9098127035830619,ROB,-0.06869000115527747,eo,plain,large
0.8426069607625803,0.905435667752443,ROB,-0.0693905809407994,ed,lora,large
0.8520283750831301,0.9181596091205212,ROB,-0.07202585844604545,ed,adapter,large
0.8240412325426735,0.8895561889250815,ROB,-0.07364903667476556,do,adapter,large
0.7630237197960541,0.8099552117263844,ROB,-0.05794331742158664,eo,lora,base
0.843826202615828,0.9074714983713354,ROB,-0.07013476001145323,eo,lora,large
0.8354023498115717,0.8947475570032574,ROB,-0.0663262019853379,do,plain,base
0.7775992019507869,0.8340798045602605,ROB,-0.067716065418046,do,lora,large
0.8309133229882509,0.88314332247557,ROB,-0.05914102293262135,eo,adapter,base
0.8288073597871869,0.8860952768729642,ROB,-0.06465209620340909,ed,adapter,base
0.807304367102638,0.8582043973941368,ROB,-0.059309915500377695,ed,lora,base
0.8359011305697185,0.8982084690553745,ROB,-0.06936846025420276,do,plain,large
0.8546885391265795,0.9182614006514658,ROB,-0.0692317693848224,ed,adapter,large
0.8530259365994236,0.9166327361563518,ROB,-0.06939180442501525,eo,adapter,large
0.7671248060297051,0.8137214983713354,ROB,-0.057263685959992046,eo,lora,base
0.8110729328308579,0.8633957654723127,ROB,-0.06060121526404758,do,lora,large
0.845821325648415,0.9085912052117264,ROB,-0.06908484167936052,eo,lora,large
0.8406672578142319,0.8969869706840391,ROB,-0.06278765992203653,do,plain,base
0.8296386610507648,0.8862988599348535,ROB,-0.06392899894766134,ed,adapter,base
0.8114054533362891,0.8642100977198697,ROB,-0.06110162855409841,eo,lora,large
0.8184438040345822,0.8716408794788274,ROB,-0.061030955175086436,eo,lora,base
0.8095211704721791,0.8585097719869706,ROB,-0.05706236913461137,ed,lora,base
0.8432720017734427,0.9067589576547231,ROB,-0.07001525085066217,do,plain,large
0.8422744402571491,0.9041123778501629,ROB,-0.06839629575701042,eo,plain,base
0.7971624916869874,0.8458876221498371,ROB,-0.05760236843165296,do,adapter,base
0.7594214143205498,0.8175895765472313,ROB,-0.07114591953622004,do,lora,base
0.8362890711593881,0.8968851791530945,ROB,-0.06756283792193528,ed,plain,base
0.845821325648415,0.9106270358306189,ROB,-0.07116602915604421,eo,plain,large
0.831966304588783,0.8891490228013029,ROB,-0.06431173711732069,eo,adapter,large
0.8545776989581024,0.9213151465798045,ROB,-0.07243715450619835,ed,plain,large
0.8455442252272224,0.9075732899022801,ROB,-0.06834606677520944,eo,lora,large
0.8539680780314786,0.9169381107491856,ROB,-0.0686742452729523,eo,adapter,large
0.8128463755264907,0.8844666123778502,ROB,-0.08097562513842273,do,adapter,large
0.8181667036133895,0.870928338762215,ROB,-0.06058091441118064,eo,lora,base
0.804256262469519,0.8580008143322475,ROB,-0.06263927838408413,ed,lora,base
0.809299490135225,0.8645154723127035,ROB,-0.06386928163329209,eo,lora,large
0.8299157614719574,0.8840594462540716,ROB,-0.06124439370172593,eo,adapter,base
0.8516404344934604,0.9144951140065146,ROB,-0.06873156406236029,eo,plain,base
0.7436266903125692,0.7947882736156352,ROB,-0.06437133636902152,do,lora,base
0.8372866326756817,0.8968851791530945,ROB,-0.06645058683396929,ed,plain,base
0.8454333850587453,0.9069625407166124,ROB,-0.06784090069392663,eo,plain,base
0.8573487031700289,0.9258957654723127,ROB,-0.0740332387926161,eo,plain,large
0.8482043892706717,0.9115431596091205,ROB,-0.06948521270853392,eo,plain,large
0.8291398802926181,0.8856881107491856,ROB,-0.06384666314277894,eo,adapter,large
0.8419419197517181,0.9048249185667753,ROB,-0.06949742157263157,ed,lora,large
0.8547993792950566,0.9210097719869706,ROB,-0.07188891443472194,ed,plain,large
0.7983263134559965,0.8499592833876222,ROB,-0.06074758043213063,eo,adapter,base
0.8383950343604523,0.8980048859934854,ROB,-0.0663803199323189,ed,plain,base
0.8533584571048548,0.9146986970684039,ROB,-0.06706059619429182,eo,plain,base
0.7919530037685657,0.851078990228013,ROB,-0.06947179655275812,do,adapter,base
0.6677011749057858,0.7307614006514658,ROB,-0.08629386512405066,do,lora,base
0.8422190201729106,0.9057410423452769,ROB,-0.07013265293564014,eo,plain,base
0.8552981600532032,0.9195846905537459,ROB,-0.06990822178850246,ed,plain,large
0.8574041232542673,0.926099348534202,ROB,-0.07417695022533283,eo,plain,large
0.8328530259365994,0.8895561889250815,ROB,-0.06374320553825931,eo,adapter,large
0.8413877189093327,0.9048249185667753,ROB,-0.0701099166874469,ed,lora,large
0.8011527377521613,0.852707654723127,ROB,-0.060460248814941754,eo,adapter,base
0.8359011305697185,0.8967833876221498,ROB,-0.06788959061101991,do,plain,base
0.7498891598315229,0.8097516286644951,ROB,-0.07392695082528207,do,lora,large
0.8545776989581024,0.9178542345276873,ROB,-0.0689396346274373,ed,adapter,large
0.8541343382841942,0.9174470684039088,ROB,-0.06900968164829428,eo,adapter,large
0.8208822877410774,0.8850773615635179,ROB,-0.07253046638661938,do,adapter,large
0.766681445355797,0.8159609120521173,ROB,-0.06039439631046044,eo,lora,base
0.842773221015296,0.9057410423452769,ROB,-0.06952077733712435,do,plain,large
0.8178341831079583,0.8714372964169381,ROB,-0.06151115350396189,eo,lora,base
0.8077477277765462,0.8562703583061889,ROB,-0.05666741825050043,eo,lora,large
0.8301374418089116,0.8817182410423453,ROB,-0.0585003199802878,eo,adapter,base
0.8299157614719574,0.8865024429967426,ROB,-0.06383138813864848,ed,adapter,base
0.6918123275068997,0.8097516286644951,ROB,-0.14564873596130956,do,lora,large
0.775835633241337,0.8891490228013029,ROB,-0.1274402677775736,eo,adapter,large
0.7598896044158233,0.8817182410423453,ROB,-0.13817184555748696,eo,adapter,base
0.7755289788408464,0.8865024429967426,ROB,-0.12518122768027615,ed,adapter,base
0.6991720331186753,0.8458876221498371,ROB,-0.17344572161758537,do,adapter,base
0.7997546764796075,0.8982084690553745,ROB,-0.10961129400094462,do,plain,large
0.609935602575897,0.7307614006514658,ROB,-0.1653423374139,do,lora,base
0.7230910763569457,0.8562703583061889,ROB,-0.15553414953273484,eo,lora,large
0.8015946028825514,0.9041123778501629,ROB,-0.11339052254917985,eo,plain,base
0.8267402637227844,0.9178542345276873,ROB,-0.09926845394115184,ed,adapter,large
0.8150873965041399,0.9106270358306189,ROB,-0.10491632201468029,eo,plain,large
0.7871818460594909,0.8947475570032574,ROB,-0.12021906078629822,do,plain,base
0.7099049371358479,0.8499592833876222,ROB,-0.1647777122847222,eo,adapter,base
0.8083409996933456,0.9074714983713354,ROB,-0.10923814010236368,eo,lora,large
0.8089543084943269,0.9048249185667753,ROB,-0.10595487381614721,ed,lora,large
0.6574670346519472,0.8099552117263844,ROB,-0.1882674188235856,eo,lora,base
0.8095676172953082,0.9067589576547231,ROB,-0.10718542071069735,do,plain,large
0.7344372891750997,0.8645154723127035,ROB,-0.15046368434520435,eo,lora,large
0.6614535418583257,0.7947882736156352,ROB,-0.16776132233399182,do,lora,base
0.6436675866298681,0.7857288273615635,ROB,-0.18080186927687203,do,adapter,base
0.7522232444035571,0.8716408794788274,ROB,-0.13700325201208163,eo,lora,base
0.7877951548604722,0.8969869706840391,ROB,-0.1217317746993555,do,plain,base
0.7126648267402638,0.852707654723127,ROB,-0.16423310756877746,eo,adapter,base
0.8153940509046305,0.9098127035830619,ROB,-0.10377812082265722,eo,plain,large
0.650720637841153,0.8137214983713354,ROB,-0.20031529320096483,eo,lora,base
0.8224471021159153,0.9166327361563518,ROB,-0.10275176777493034,eo,adapter,large
0.8114075436982521,0.9085912052117264,ROB,-0.1069608212758651,eo,lora,large
0.8095676172953082,0.9048249185667753,ROB,-0.10527705340205784,ed,lora,large
0.7939282428702852,0.8968851791530945,ROB,-0.1147938874182634,ed,plain,base
0.7770622508432996,0.8895561889250815,ROB,-0.12646074467506865,do,adapter,large
0.8463661453541859,0.9259975570032574,ROB,-0.08599527185231158,eo,plain,large
0.832260042931616,0.9213151465798045,ROB,-0.09666084833054951,ed,plain,large
0.7399570683839313,0.8580008143322475,ROB,-0.13757999290500164,ed,lora,base
0.8203005213124809,0.9139861563517915,ROB,-0.10250224731330743,eo,plain,base
0.7629561484207298,0.8840594462540716,ROB,-0.13698546895967187,eo,adapter,base
0.7509966268015946,0.870928338762215,ROB,-0.1377056028869956,eo,lora,base
0.8037411836859859,0.9057410423452769,ROB,-0.1126148136063019,eo,plain,base
0.6792394970867832,0.8175895765472313,ROB,-0.16921702945959188,do,lora,base
0.7362772155780436,0.8642100977198697,ROB,-0.148034468099093,eo,lora,large
0.7157313707451702,0.851078990228013,ROB,-0.15903061999754187,do,adapter,base
0.7773689052437902,0.8862988599348535,ROB,-0.12290431548007412,ed,adapter,base
0.8249003373198406,0.9169381107491856,ROB,-0.1003751205783621,eo,adapter,large
0.8098742716957988,0.9075732899022801,ROB,-0.10764862661064067,eo,lora,large
0.7086783195338853,0.8514861563517915,ROB,-0.16771598193653445,eo,adapter,base
0.8255136461208218,0.9182614006514658,ROB,-0.10100365153630934,ed,adapter,large
0.7746090156393745,0.8895561889250815,ROB,-0.12921856394996978,eo,adapter,large
0.8463661453541859,0.926099348534202,ROB,-0.08609573401192329,eo,plain,large
0.7718491260349586,0.8850773615635179,ROB,-0.12793032614520608,do,adapter,large
0.7411836859858939,0.8633957654723127,ROB,-0.1415481571415442,do,lora,large
0.7936215884697946,0.8968851791530945,ROB,-0.11513579785186,ed,plain,base
0.7442502299908004,0.8585097719869706,ROB,-0.13309055496447436,ed,lora,base
0.8203005213124809,0.9146986970684039,ROB,-0.1032013886741807,eo,plain,base
0.8334866605335787,0.9210097719869706,ROB,-0.09502951446928855,ed,plain,large
0.8472861085556578,0.9258957654723127,ROB,-0.08490119498122446,eo,plain,large
0.776755596442809,0.8844666123778502,ROB,-0.1217807596438997,do,adapter,large
0.7700091996320148,0.8856881107491856,ROB,-0.13060908203828145,eo,adapter,large
0.7963814780742103,0.8980048859934854,ROB,-0.11316576279743346,ed,plain,base
0.7077583563324134,0.8340798045602605,ROB,-0.15145007412623515,do,lora,large
0.8233670653173873,0.9144951140065146,ROB,-0.09964848066807507,eo,plain,base
0.7589696412143514,0.88314332247557,ROB,-0.14060422368720746,eo,adapter,base
0.7378104875804968,0.8582043973941368,ROB,-0.14028582256069255,ed,lora,base
0.832260042931616,0.9195846905537459,ROB,-0.09496096283371751,ed,plain,large
0.801901257283042,0.9069625407166124,ROB,-0.11583861374314211,eo,plain,base
0.7513032812020852,0.8714372964169381,ROB,-0.13785732571787349,eo,lora,base
0.7779822140447715,0.8860952768729642,ROB,-0.1220106524094388,ed,adapter,base
0.8114075436982521,0.9057410423452769,ROB,-0.10415062831067336,do,plain,large
0.8104875804967802,0.905435667752443,ROB,-0.10486453166943584,ed,lora,large
0.6636001226617602,0.8159609120521173,ROB,-0.18672559817500853,eo,lora,base
0.8252069917203312,0.9174470684039088,ROB,-0.10053994378558374,eo,adapter,large
0.828886844526219,0.9181596091205212,ROB,-0.0972301152299806,ed,adapter,large
0.8193805581110088,0.9115431596091205,ROB,-0.10110613033137338,eo,plain,large
0.7899417356639068,0.8967833876221498,ROB,-0.11913875015184784,do,plain,base
0.9464769647696477,0.9041123778501629,Comp,0.046857656146928536,eo,plain,base
0.9850948509485095,0.9174470684039088,Comp,0.07373480702520328,eo,adapter,large
0.9789972899728997,0.9178542345276873,Comp,0.06661521311897153,ed,adapter,large
0.8617886178861789,0.8159609120521173,Comp,0.05616409457507748,eo,lora,base
0.9159891598915989,0.8458876221498371,Comp,0.08287334618231859,do,adapter,base
0.8787262872628726,0.7947882736156352,Comp,0.10561053356435199,do,lora,base
0.94579945799458,0.8865024429967426,Comp,0.06688872147649032,ed,adapter,base
0.9308943089430894,0.8562703583061889,Comp,0.08714998704908593,eo,lora,large
0.9708672086720868,0.9106270358306189,Comp,0.06615240979148004,eo,plain,large
0.9437669376693767,0.8969869706840391,Comp,0.05215233722922793,do,plain,base
0.9817073170731707,0.9210097719869706,Comp,0.06590325850208106,ed,plain,large
0.9803523035230353,0.9075732899022801,Comp,0.0801907839625727,eo,lora,large
0.9654471544715447,0.9144951140065146,Comp,0.055716033562829004,eo,plain,base
0.9518970189701897,0.8840594462540716,Comp,0.07673417551676966,eo,adapter,base
0.9681571815718157,0.9067589576547231,Comp,0.06771173683896696,do,plain,large
0.9546070460704607,0.8968851791530945,Comp,0.06435814556760923,ed,plain,base
0.9640921409214093,0.8891490228013029,Comp,0.08428634143238978,eo,adapter,large
0.9444444444444444,0.870928338762215,Comp,0.08441119941821201,eo,lora,base
0.9126016260162602,0.8585097719869706,Comp,0.06300668413371356,ed,lora,base
0.983739837398374,0.9258957654723127,Comp,0.062473632651893866,eo,plain,large
0.9796747967479674,0.9195846905537459,Comp,0.06534483099978217,ed,plain,large
0.962059620596206,0.8947475570032574,Comp,0.075230228980333,do,plain,base
0.8976964769647696,0.8895561889250815,Comp,0.009150954308490245,do,adapter,large
0.9688346883468835,0.9146986970684039,Comp,0.059184506823924246,eo,plain,base
0.9505420054200542,0.8817182410423453,Comp,0.07805641436696051,eo,adapter,base
0.948509485094851,0.8980048859934854,Comp,0.05624089566672136,ed,plain,base
0.9234417344173442,0.8982084690553745,Comp,0.02809288292338964,do,plain,large
0.8773712737127372,0.8097516286644951,Comp,0.08350664901997859,do,lora,large
0.9410569105691057,0.8714372964169381,Comp,0.07989056061568672,eo,lora,base
0.9200542005420054,0.8582043973941368,Comp,0.07206884902439344,ed,lora,base
0.986449864498645,0.926099348534202,Comp,0.06516635181739819,eo,plain,large
0.983739837398374,0.9169381107491856,Comp,0.07285303758899052,eo,adapter,large
0.9275067750677507,0.8514861563517915,Comp,0.08927992328339311,eo,adapter,base
0.8712737127371274,0.7857288273615635,Comp,0.10887329368176449,do,adapter,base
0.9518970189701897,0.8645154723127035,Comp,0.10107574642212935,eo,lora,large
0.823170731707317,0.7307614006514658,Comp,0.12645622904202294,do,lora,base
0.9769647696476965,0.9098127035830619,Comp,0.0738086705100661,eo,plain,large
0.981029810298103,0.905435667752443,Comp,0.0834892474838183,ed,lora,large
0.9634146341463414,0.9139861563517915,Comp,0.05408011647774349,eo,plain,base
0.9512195121951219,0.88314332247557,Comp,0.07708396586040543,eo,adapter,base
0.9769647696476965,0.9074714983713354,Comp,0.07657901256522391,eo,lora,large
0.9613821138211383,0.8967833876221498,Comp,0.07203381227909902,do,plain,base
0.9308943089430894,0.8850773615635179,Comp,0.051766036924314064,do,adapter,large
0.9850948509485095,0.9259975570032574,Comp,0.06382014023503975,eo,plain,large
0.9627371273712737,0.8895561889250815,Comp,0.08226679703574692,eo,adapter,large
0.9302168021680217,0.8340798045602605,Comp,0.11526115017069147,do,lora,large
0.9640921409214093,0.9057410423452769,Comp,0.06442359995638625,do,plain,large
0.9214092140921409,0.852707654723127,Comp,0.08056871424629253,eo,adapter,base
0.8644986449864499,0.851078990228013,Comp,0.015767813460935753,do,adapter,base
0.9796747967479674,0.9182614006514658,Comp,0.06688008017426363,ed,adapter,large
0.986449864498645,0.9166327361563518,Comp,0.07616695933755568,eo,adapter,large
0.9546070460704607,0.9057410423452769,Comp,0.05395140712477024,eo,plain,base
0.8509485094850948,0.8137214983713354,Comp,0.0457490814587906,eo,lora,base
0.9796747967479674,0.9048249185667753,Comp,0.08272305132771197,ed,lora,large
0.9579945799457995,0.8642100977198697,Comp,0.10852046565224202,eo,lora,large
0.9410569105691057,0.8862988599348535,Comp,0.06178282869310826,ed,adapter,base
0.9010840108401084,0.8499592833876222,Comp,0.060149619460266396,eo,adapter,base
0.983739837398374,0.9181596091205212,Comp,0.07142573864763038,ed,adapter,large
0.9518970189701897,0.9069625407166124,Comp,0.04954391855927538,eo,plain,base
0.8631436314363143,0.8099552117263844,Comp,0.06566834676767018,eo,lora,base
0.9796747967479674,0.9115431596091205,Comp,0.0747431829427172,eo,plain,large
0.981029810298103,0.9048249185667753,Comp,0.08422059358404359,ed,lora,large
0.8970189701897019,0.8175895765472313,Comp,0.09715069262246402,do,lora,base
0.9518970189701897,0.8860952768729642,Comp,0.07426034627951107,ed,adapter,base
0.9830623306233063,0.9085912052117264,Comp,0.081963291064683,eo,lora,large
0.8997289972899729,0.8844666123778502,Comp,0.01725603284344501,do,adapter,large
0.978319783197832,0.9213151465798045,Comp,0.06187311348309599,ed,plain,large
0.9566395663956639,0.8856881107491856,Comp,0.0801088495886683,eo,adapter,large
0.9464769647696477,0.8716408794788274,Comp,0.08585655750286333,eo,lora,base
0.9308943089430894,0.8580008143322475,Comp,0.08495737229290677,ed,lora,base
0.9491869918699187,0.8633957654723127,Comp,0.09936489131455811,do,lora,large
0.9546070460704607,0.8968851791530945,Comp,0.06435814556760923,ed,plain,base
